No,Tanggal,Nama,Lokasi
1,2025_January_07,Kosongan.csv,Z:/DSNA_FOLDER_GENERATOR/Aman Tes/Fri
2,2025_January_07,Last_test Nama,K:\Untitled\Test\Last\2025_January_07\Last_test Nama
3,2025_January_07,Last_test Nama,K:\Untitled\Test\Last\2025_January_07\Last_test Nama_1_1
4,2025_January_07,Last_test Nama,K:\Untitled\Test\Last\Last_test Nama
5,2025_January_07,Last_test Nama,K:\Untitled\Test\Last\Last_test Nama_1_1
6,2025_January_07,Last_test Nama,K:\Untitled\Test\Last\Last_test Nama_1_2
7,2025_January_07,Last_test Nama,K:\Untitled\Test\Last\Last_test Nama_1_3
8,2025_January_07,Last_test Nama,K:\Untitled\Test\Last\Last_test Nama_1_4
9,2025_January_07,Last_test Nama,K:\Untitled\Test\Last\2025_January_07\Last_test Nama_1_2
10,2025_January_07,Last_test Nama,K:\Untitled\Test\Last\2025_January_07\Last_test Nama_2
11,2025_January_07,3,K:\Untitled\Test\Last\2025_January_07\3
12,2025_January_07,3,K:\Untitled\Test\Last\2025_January_07\3_1_1
13,2025_January_07,333,K:\Untitled\Test\Last\2025_January_07\333
14,2025_January_07,666,K:\Untitled\Test\Last\2025_January_07\666
15,2025_January_07,666,K:\Untitled\Test\Last\2025_January_07\666_1_1
16,2025_January_07,666,K:\Untitled\Test\Last\2025_January_07\666_1_2
17,2025_January_07,666,K:\Untitled\Test\Last\2025_January_07\666_1_3
